timestamp,elapsed_s,T_airlock_f0_C,T_airlock_f0_min_C,T_airlock_f0_max_C,T_living_f0_C,T_living_f0_min_C,T_living_f0_max_C,T_sleeping_f1_C,T_sleeping_f1_min_C,T_sleeping_f1_max_C
2026-01-24T12:00:00+05:30,3600.0,9.9484,9.9116,9.9688,10.4203,9.8377,10.7414,10.767,10.2533,11.2573
2026-01-24T13:00:00+05:30,7200.0,9.7845,9.6312,9.8623,10.8438,10.1989,11.3205,11.0697,10.5132,11.7114
2026-01-24T14:00:00+05:30,10800.0,9.5677,9.2732,9.7118,11.091,10.4345,11.618,10.9067,10.3595,11.495
2026-01-24T15:00:00+05:30,14400.0,9.3445,8.9221,9.5475,11.2744,10.6057,11.8339,10.7137,10.1691,11.2612
2026-01-24T16:00:00+05:30,18000.0,9.1302,8.6016,9.382,11.3602,10.6786,11.922,10.3797,9.8296,10.8364
2026-01-24T17:00:00+05:30,21600.0,8.9217,8.3045,9.2154,11.3535,10.6338,11.9007,9.9411,9.3598,10.3007
2026-01-24T18:00:00+05:30,25200.0,8.7081,8.0108,9.043,11.2559,10.4875,11.7745,9.412,8.7878,9.7173
2026-01-24T19:00:00+05:30,28800.0,8.4827,7.7077,8.8596,11.1883,10.3746,11.7118,9.1117,8.4468,9.4475
2026-01-24T20:00:00+05:30,32400.0,8.247,7.3962,8.6661,11.1276,10.2756,11.6656,8.8661,8.1686,9.2319
2026-01-24T21:00:00+05:30,36000.0,8.0039,7.0806,8.4645,11.0665,10.1757,11.6225,8.6327,7.9027,9.0261
2026-01-24T22:00:00+05:30,39600.0,7.7548,6.762,8.2559,11.0017,10.0687,11.5772,8.3991,7.6337,8.8189
2026-01-24T23:00:00+05:30,43200.0,7.498,6.4385,8.0393,10.7571,9.796,11.2667,8.8339,8.0186,9.4193
2026-01-25T00:00:00+05:30,46800.0,7.2335,6.1103,7.8143,10.6121,9.6212,11.0927,8.841,7.9976,9.474
2026-01-25T01:00:00+05:30,50400.0,6.9656,5.7829,7.5843,10.5083,9.4957,10.9701,8.744,7.8809,9.3985
2026-01-25T02:00:00+05:30,54000.0,6.6988,5.4623,7.3524,10.4197,9.3936,10.8678,8.6197,7.7448,9.2902
2026-01-25T03:00:00+05:30,57600.0,6.4359,5.1524,7.1207,10.3343,9.2955,10.7716,8.4851,7.5995,9.17
2026-01-25T04:00:00+05:30,61200.0,6.1776,4.8538,6.8902,10.2485,9.1991,10.6768,8.3461,7.4516,9.0441
2026-01-25T05:00:00+05:30,64800.0,5.9246,4.5671,6.6615,10.1639,9.1134,10.5836,8.2089,7.314,8.9179
2026-01-25T06:00:00+05:30,68400.0,5.6794,4.2956,6.4364,10.0815,9.0404,10.4924,8.078,7.1919,8.795
2026-01-25T07:00:00+05:30,72000.0,5.4442,4.0428,6.2168,9.9998,8.9716,10.4022,7.9536,7.0791,8.6765
2026-01-25T08:00:00+05:30,75600.0,5.2227,3.8124,6.0057,10.1382,9.1257,10.6341,7.3434,6.5022,7.9189
2026-01-25T09:00:00+05:30,79200.0,5.0243,3.6173,5.8096,10.2834,9.3439,10.8573,7.4495,6.6659,8.1009
2026-01-25T10:00:00+05:30,82800.0,4.8619,3.4785,5.6376,10.5147,9.6538,11.1849,7.8717,7.1081,8.6813
2026-01-25T11:00:00+05:30,86400.0,4.745,3.4097,5.4968,10.7844,10.0082,11.533,8.1575,7.4248,9.0344
2026-01-25T12:00:00+05:30,90000.0,4.6743,3.4095,5.389,11.0663,10.2861,11.8841,8.3203,7.5681,9.2067
2026-01-25T13:00:00+05:30,93600.0,4.6364,3.4541,5.3068,11.2953,10.4665,12.1553,8.333,7.6094,9.1777
2026-01-25T14:00:00+05:30,97200.0,4.6124,3.5107,5.2423,11.4968,10.6305,12.3899,8.3492,7.641,9.1719
2026-01-25T15:00:00+05:30,100800.0,4.5881,3.5554,5.1821,11.6381,10.7555,12.5411,8.2429,7.585,9.0016
2026-01-25T16:00:00+05:30,104400.0,4.5557,3.5794,5.1193,11.6797,10.8121,12.558,7.9427,7.3882,8.5764
2026-01-25T17:00:00+05:30,108000.0,4.5089,3.5753,5.049,11.6422,10.8059,12.4841,7.5519,7.0193,8.0618
2026-01-25T18:00:00+05:30,111600.0,4.4415,3.5343,4.9661,11.5426,10.7465,12.3445,7.1285,6.5907,7.5473
2026-01-25T19:00:00+05:30,115200.0,4.3516,3.4552,4.8689,11.474,10.6864,12.2673,6.9081,6.3472,7.3294
2026-01-25T20:00:00+05:30,118800.0,4.2438,3.3461,4.7597,11.4139,10.6058,12.2083,6.736,6.1554,7.1695
2026-01-25T21:00:00+05:30,122400.0,4.122,3.2147,4.641,11.3547,10.522,12.1546,6.5736,5.9699,7.0196
2026-01-25T22:00:00+05:30,126000.0,3.9878,3.0639,4.5136,11.2933,10.427,12.1003,6.4093,5.7777,6.8685
2026-01-25T23:00:00+05:30,129600.0,3.8393,2.8924,4.3756,11.0508,10.166,11.7754,6.9089,6.2079,7.5748
2026-01-26T00:00:00+05:30,133200.0,3.6742,2.6978,4.225,10.9032,9.9833,11.5886,6.97,6.227,7.6831
2026-01-26T01:00:00+05:30,136800.0,3.4927,2.4796,4.0621,10.7908,9.8301,11.4493,6.9128,6.1313,7.6452
2026-01-26T02:00:00+05:30,140400.0,3.2958,2.2392,3.8877,10.6889,9.6904,11.328,6.8145,5.998,7.5623
2026-01-26T03:00:00+05:30,144000.0,3.0845,1.9789,3.702,10.5836,9.5393,11.2077,6.6899,5.8336,7.4537
2026-01-26T04:00:00+05:30,147600.0,2.8594,1.7004,3.5054,10.4756,9.3896,11.0864,6.5508,5.6614,7.3301
2026-01-26T05:00:00+05:30,151200.0,2.6248,1.4113,3.3,10.3683,9.2605,10.9657,6.4087,5.5,7.2014
2026-01-26T06:00:00+05:30,154800.0,2.3878,1.1238,3.0906,10.2619,9.1478,10.8459,6.2701,5.3533,7.0733
2026-01-26T07:00:00+05:30,158400.0,2.1548,0.848,2.8817,10.1551,9.0414,10.7262,6.1365,5.217,6.9478
2026-01-26T08:00:00+05:30,162000.0,1.9326,0.5932,2.6786,10.2569,9.158,10.912,5.4553,4.5768,6.0876
2026-01-26T09:00:00+05:30,165600.0,1.735,0.3792,2.4913,10.3599,9.3373,11.078,5.4975,4.6841,6.1924
2026-01-26T10:00:00+05:30,169200.0,1.5789,0.2335,2.3313,10.4936,9.5631,11.2725,5.6966,4.9371,6.4636
2026-01-26T11:00:00+05:30,172800.0,1.4737,0.1694,2.2061,10.6411,9.807,11.4647,5.8356,5.1494,6.6237
