timestamp,T_surf_airlock_f0_west_C,T_surf_airlock_f0_south_C,T_surf_airlock_f0_north_C,T_surf_airlock_f0_floor_C,T_surf_airlock_f0_roof_C,T_surf_living_f0_east_C,T_surf_living_f0_south_C,T_surf_living_f0_north_C,T_surf_living_f0_floor_C,T_surf_sleeping_f1_west_C,T_surf_sleeping_f1_east_C,T_surf_sleeping_f1_south_C,T_surf_sleeping_f1_north_C,T_surf_sleeping_f1_roof_C,T_surf_airlock_f0_living_f0_partition_C,T_surf_living_f0_sleeping_f1_ceiling_C
2026-01-24T12:00:00+05:30,9.9754,9.8952,9.9769,9.987,9.8821,10.0477,10.0144,10.0566,12.9964,10.1079,10.0747,10.0687,10.1064,10.2411,9.9789,10.1232
2026-01-24T13:00:00+05:30,9.8864,9.5463,9.895,9.9281,9.5973,10.0851,10.0195,10.1038,14.5986,10.1643,10.0974,10.0841,10.1663,10.3386,9.8813,10.4113
2026-01-24T14:00:00+05:30,9.7571,9.0952,9.778,9.8282,9.2859,10.1,10.0079,10.1285,15.1587,10.1331,10.0354,10.0146,10.1387,10.2174,9.7206,10.7376
2026-01-24T15:00:00+05:30,9.6126,8.6479,9.648,9.7061,9.0055,10.1101,9.9964,10.1481,15.557,10.0681,9.9418,9.9141,10.075,10.0386,9.5342,11.0225
2026-01-24T16:00:00+05:30,9.4628,8.2329,9.5138,9.574,8.7586,10.1135,9.9808,10.1605,15.6037,9.9688,9.8162,9.7819,9.9765,9.7897,9.3449,11.2328
2026-01-24T17:00:00+05:30,9.3084,7.8422,9.3753,9.4371,8.5271,10.1036,9.9506,10.1592,15.4308,9.8322,9.6525,9.6111,9.8401,9.4541,9.1566,11.3484
2026-01-24T18:00:00+05:30,9.1453,7.4533,9.2285,9.2965,8.2897,10.0725,9.8958,10.136,15.0512,9.6537,9.4447,9.3954,9.6614,9.0256,8.9623,11.3597
2026-01-24T19:00:00+05:30,8.9701,7.0517,9.0704,9.1512,8.0377,10.0315,9.8294,10.1023,15.0214,9.4777,9.2379,9.1809,9.484,8.6571,8.7556,11.3012
2026-01-24T20:00:00+05:30,8.7831,6.6381,8.9011,9.001,7.7747,9.9831,9.7553,10.0608,15.0656,9.3016,9.0318,8.9674,9.3069,8.3419,8.5377,11.2151
2026-01-24T21:00:00+05:30,8.5859,6.2182,8.7222,8.846,7.5057,9.9281,9.6744,10.0125,15.1322,9.1203,8.8213,8.7499,9.1251,8.0534,8.3117,11.1205
2026-01-24T22:00:00+05:30,8.3793,5.7937,8.5343,8.6866,7.2313,9.8666,9.5868,9.9577,15.2035,8.932,8.604,8.5256,8.9362,7.7762,8.0796,11.0228
2026-01-24T23:00:00+05:30,8.1634,5.364,8.3375,8.5226,6.9508,9.7719,9.4639,9.8687,14.3225,8.8393,8.483,8.3999,8.8414,7.8213,7.8387,10.935
2026-01-25T00:00:00+05:30,7.9388,4.9309,8.1323,8.3536,6.6648,9.673,9.3368,9.7747,13.9909,8.73,8.3493,8.2614,8.7339,7.8118,7.5869,10.9233
2026-01-25T01:00:00+05:30,7.7069,4.4992,7.92,8.1802,6.3779,9.5753,9.2125,9.6819,13.7734,8.6005,8.1954,8.1025,8.6054,7.7235,7.3309,10.9446
2026-01-25T02:00:00+05:30,7.4703,4.0756,7.7028,8.0031,6.0955,9.4782,9.0908,9.5896,13.5993,8.4621,8.0337,7.9361,8.4675,7.6021,7.0759,10.967
2026-01-25T03:00:00+05:30,7.231,3.6655,7.4826,7.8233,5.8209,9.3811,8.971,9.4972,13.4447,8.32,7.8696,7.7678,8.3258,7.4669,6.825,10.9795
2026-01-25T04:00:00+05:30,6.9903,3.2703,7.2606,7.6413,5.5542,9.2839,8.8528,9.4046,13.2997,8.1763,7.7054,7.5997,8.1824,7.3255,6.5789,10.9799
2026-01-25T05:00:00+05:30,6.7495,2.8918,7.0377,7.4577,5.2962,9.187,8.7371,9.312,13.1606,8.0327,7.5432,7.434,8.039,7.1853,6.3379,10.969
2026-01-25T06:00:00+05:30,6.5103,2.5344,6.8158,7.2731,5.0505,9.0918,8.6257,9.2208,13.0257,7.8913,7.3855,7.2735,7.8977,7.0535,6.1035,10.9485
2026-01-25T07:00:00+05:30,6.2749,2.203,6.5967,7.0883,4.8198,8.9992,8.5197,9.132,12.8943,7.7536,7.2341,7.1199,7.7602,6.9331,5.8778,10.9196
2026-01-25T08:00:00+05:30,6.0451,1.9008,6.382,6.9044,4.6065,8.9434,8.4557,9.0804,13.8979,7.545,7.0143,6.897,7.5529,6.592,5.6663,10.8897
2026-01-25T09:00:00+05:30,5.8258,1.6415,6.1763,6.7232,4.4253,8.9113,8.4238,9.0529,14.6844,7.4115,6.8733,6.756,7.4168,6.5065,5.4786,10.8406
2026-01-25T10:00:00+05:30,5.6251,1.4518,5.987,6.5477,4.296,8.914,8.436,9.0601,15.7104,7.3697,6.834,6.72,7.374,6.7136,5.3245,10.8623
2026-01-25T11:00:00+05:30,5.4502,1.3497,5.8206,6.3813,4.2279,8.9532,8.4941,9.1039,16.6185,7.3635,6.8399,6.7311,7.3687,6.9923,5.2136,10.9814
2026-01-25T12:00:00+05:30,5.3046,1.3361,5.6801,6.2264,4.2151,9.0257,8.5914,9.1815,17.4421,7.3718,6.8649,6.7623,7.3781,7.247,5.1489,11.1608
2026-01-25T13:00:00+05:30,5.1841,1.3845,5.5616,6.0834,4.2317,9.1165,8.7074,9.2777,17.9737,7.3761,6.8861,6.7892,7.3836,7.4115,5.1212,11.3496
2026-01-25T14:00:00+05:30,5.0804,1.4574,5.4575,5.9502,4.2501,9.2174,8.8315,9.384,18.4144,7.3836,6.9085,6.8166,7.3918,7.5213,5.1124,11.5233
2026-01-25T15:00:00+05:30,4.9863,1.5283,5.3614,5.8241,4.2556,9.3173,8.9516,9.489,18.6004,7.3748,6.9123,6.8245,7.3838,7.5365,5.1067,11.6666
2026-01-25T16:00:00+05:30,4.8968,1.5841,5.2692,5.7026,4.2428,9.4035,9.0539,9.5796,18.4047,7.3266,6.8738,6.7887,7.3364,7.407,5.0927,11.7493
2026-01-25T17:00:00+05:30,4.808,1.6155,5.1771,5.5838,4.2064,9.4708,9.1321,9.6506,18.0491,7.2408,6.7935,6.7095,7.2506,7.1599,5.0625,11.7487
2026-01-25T18:00:00+05:30,4.7149,1.6103,5.0811,5.4654,4.1389,9.516,9.182,9.6985,17.6097,7.1229,6.6765,6.5922,7.1321,6.8344,5.0098,11.6624
2026-01-25T19:00:00+05:30,4.6144,1.5634,4.9783,5.3458,4.0409,9.549,9.2159,9.7336,17.4812,7.0094,6.5611,6.4761,7.0173,6.5634,4.9327,11.5261
2026-01-25T20:00:00+05:30,4.5061,1.4814,4.8685,5.2243,3.921,9.5721,9.2372,9.7583,17.4253,6.8971,6.4457,6.3598,6.9041,6.3386,4.8358,11.377
2026-01-25T21:00:00+05:30,4.3908,1.3712,4.7523,5.1009,3.785,9.5857,9.2465,9.7733,17.3949,6.7808,6.3251,6.2379,6.7871,6.1347,4.7238,11.2307
2026-01-25T22:00:00+05:30,4.2681,1.2348,4.6297,4.9754,3.6341,9.5898,9.2437,9.7786,17.3735,6.658,6.1962,6.1074,6.6638,5.9369,4.5995,11.0908
2026-01-25T23:00:00+05:30,4.1371,1.0712,4.4995,4.8474,3.4671,9.5568,9.1991,9.7459,16.404,6.6304,6.1609,6.072,6.634,6.054,4.4601,10.9684
2026-01-26T00:00:00+05:30,3.996,0.8777,4.3603,4.716,3.2808,9.5141,9.1414,9.7029,15.9875,6.5833,6.1071,6.0171,6.5887,6.102,4.3022,10.9277
2026-01-26T01:00:00+05:30,3.8435,0.6512,4.2107,4.5804,3.0736,9.4651,9.075,9.654,15.6881,6.5102,6.0236,5.9314,6.5167,6.0501,4.1291,10.9239
2026-01-26T02:00:00+05:30,3.6789,0.3924,4.0503,4.4404,2.848,9.4078,8.9984,9.5969,15.4347,6.4201,5.9206,5.8256,6.4273,5.9426,3.9428,10.9238
2026-01-26T03:00:00+05:30,3.5023,0.1037,3.8791,4.2956,2.606,9.3406,8.9099,9.5303,15.2029,6.3165,5.8018,5.7033,6.3243,5.7983,3.7438,10.9149
2026-01-26T04:00:00+05:30,3.3137,-0.2126,3.697,4.1457,2.3496,9.2635,8.8101,9.4538,14.983,6.2013,5.6698,5.5675,6.2095,5.6307,3.5322,10.8947
2026-01-26T05:00:00+05:30,3.1148,-0.547,3.5058,3.9909,2.087,9.1784,8.7029,9.3693,14.7712,6.0777,5.5294,5.4233,6.0862,5.4568,3.3103,10.8639
2026-01-26T06:00:00+05:30,2.9095,-0.8841,3.3088,3.8321,1.829,9.0886,8.5926,9.2798,14.5659,5.9497,5.386,5.2765,5.9584,5.291,3.0838,10.8235
2026-01-26T07:00:00+05:30,2.7015,-1.2106,3.1095,3.6705,1.583,8.9964,8.4823,9.1879,14.3661,5.8209,5.2436,5.1312,5.8297,5.1392,2.8588,10.7747
2026-01-26T08:00:00+05:30,2.4947,-1.516,2.9112,3.5078,1.3556,8.9358,8.4091,9.128,15.2409,5.6082,5.02,4.9037,5.6185,4.743,2.6441,10.7192
2026-01-26T09:00:00+05:30,2.2962,-1.777,2.7205,3.3464,1.1677,8.8954,8.3658,9.0885,15.8792,5.465,4.8704,4.7534,5.4725,4.6018,2.4527,10.6327
2026-01-26T10:00:00+05:30,2.1171,-1.9575,2.5473,3.1904,1.0437,8.8806,8.3582,9.0742,16.5105,5.3863,4.7964,4.682,5.3929,4.6845,2.2979,10.5871
2026-01-26T11:00:00+05:30,1.9655,-2.0382,2.399,3.0436,0.9902,8.894,8.3878,9.0879,17.027,5.34,4.7638,4.654,5.3467,4.8437,2.1898,10.6003
