timestamp,outdoor_temperature_C,earth_skin_temperature_C,solar_radiation_W_m2,wind_speed_m_s,humidity_percent,Q_solar_W,Q_wall_W,Q_window_W,Q_roof_W,Q_floor_W,Q_infiltration_W,Q_total_loss_W,Q_internal_W,Q_net_W,indoor_temperature_C
2016-01-18 03:00:00,-26.43,-3.58,0.0,2.69,100.0,0.0,492.90657453109577,417.6144,182.67608818541552,114.98553238099583,652.8705119999998,1861.053107097507,0.0,-1861.053107097507,14.848366055416676
2016-01-18 04:00:00,-28.22,-3.58,0.0,2.87,100.0,0.0,512.3987637708606,434.1291298386001,189.9000877514133,114.0471195798686,678.688539647678,1929.1636405884205,0.0,-1929.1636405884205,14.691182635205003
2016-01-18 05:00:00,-29.88,-3.58,0.0,3.05,100.0,0.0,530.2782755375032,449.27752096286645,196.52641297603117,113.07436289232797,702.3705244386144,1991.5270968073432,0.0,-1991.5270968073432,14.528917996822683
2016-01-18 06:00:00,-31.1,-3.58,0.0,3.14,100.0,0.0,542.8625071053376,459.9394934079727,201.19025459311308,112.07016021035808,719.0387413611304,2035.1011566779118,0.0,-2035.1011566779118,14.36310305321023
2016-01-18 07:00:00,-31.14,-3.58,51.95,3.08,100.0,130.91400000000002,541.3656446172653,458.67127877635915,200.63550243925374,111.04398585255385,717.0560991537079,2028.7725108391398,0.0,-1897.8585108391399,14.20847029654033
2016-01-18 08:00:00,-28.29,-3.58,191.82,2.94,94.46,483.3864,505.6185232121462,428.3845805891266,187.3872630373175,110.08701438596454,669.707894321001,1901.185275545556,0.0,-1417.7988755455558,14.0929515962384
2016-01-18 09:00:00,-24.21,-3.58,363.98,3.5,89.79,917.2296,455.70303320618484,386.09375209008306,168.88808504842262,109.37210699876441,603.593232434163,1723.6502097776179,0.0,-806.4206097776179,14.027246465316813
2016-01-18 10:00:00,-20.19,-3.58,363.9,2.93,94.56,917.0279999999999,407.0940319842036,344.90984437039344,150.87310482163437,108.96547947135959,539.2090566990483,1551.0515173466392,0.0,-634.0235173466393,13.975587817572041
2016-01-18 11:00:00,-15.56,-3.58,453.75,3.52,80.54,1143.45,351.39477233699733,297.7187252011262,130.23040417018768,108.64578102609505,465.4336070644272,1353.4232897988336,0.0,-209.97328979883355,13.95847971997509
2016-01-18 12:00:00,-13.24,-3.58,285.35,4.56,71.2,719.0820000000001,323.5894151876997,274.1606755773489,119.92546173872569,108.53990461542706,428.60452281925535,1254.8199799384568,0.0,-535.7379799384566,13.914829131579005
2016-01-18 13:00:00,-12.87,-3.58,419.27,4.7,70.15,1056.5604,318.6680757095658,269.99107764631634,118.10156428847725,108.26976542568175,422.08605138707446,1237.1165344571154,0.0,-180.55613445711538,13.900117870099127
2016-01-18 14:00:00,-12.85,-3.58,218.77,4.46,69.51,551.3004000000001,318.25510421563143,269.6411881305992,117.94851293768978,108.17872224843421,421.53905744416994,1235.5625849765245,0.0,-684.2621849765244,13.844365901581144
2016-01-18 15:00:00,-12.98,-3.58,104.62,3.56,70.78,263.6424,319.1384578932438,270.38960828793796,118.27589261296382,107.83369158205483,422.70908762347625,1238.3467379996766,0.0,-974.7043379996767,13.764949434093081
2016-01-18 16:00:00,-13.88,-3.58,29.42,1.8,85.41,74.1384,328.90121478745294,278.66109029565825,121.89406760086268,107.34220908507243,435.6401711622123,1272.4387529312585,0.0,-1198.3003529312584,13.667314923493898
2016-01-18 17:00:00,-15.32,-3.58,0.0,1.95,83.72,0.0,344.8717862368692,292.1921344288185,127.81292052190642,106.73798108830141,456.7937034903861,1328.4085257662816,0.0,-1328.4085257662816,13.559079524938179
2016-01-18 18:00:00,-16.41,-3.58,0.0,2.26,83.75,0.0,356.5521682473395,302.08832161137684,132.14178648644312,106.06814766928105,472.2647427857857,1369.1151668002262,0.0,-1369.1151668002262,13.447527451255256
2016-01-18 19:00:00,-16.95,-3.58,0.0,2.3,84.1,0.0,361.649556606642,306.407076708653,134.0309294063262,105.37778843458595,479.01639658786075,1386.481747744068,0.0,-1386.481747744068,13.334560392066333
2016-01-18 20:00:00,-17.68,-3.58,0.0,2.43,84.32,0.0,368.99060399327095,312.6267687520286,136.7515947191167,104.67867231820524,488.739848482338,1411.7874882649596,0.0,-1411.7874882649596,13.219531484539417
2016-01-18 21:00:00,-18.44,-3.58,0.0,2.5,85.95,0.0,376.6640409197128,319.1280773641573,139.59544690752261,103.96679609801217,498.90356094596586,1438.2579222353709,0.0,-1438.2579222353709,13.102345832370203
2016-01-18 22:00:00,-19.06,-3.58,0.0,2.55,87.86,0.0,382.64619148245373,324.19644599029164,141.81249151638644,103.24157249187164,506.8271105648224,1458.723812045826,0.0,-1458.723812045826,12.983492670773378
2016-01-18 23:00:00,-19.44,-3.58,0.0,2.49,88.52,0.0,385.75314281160985,326.82880612139564,142.9639586387973,102.50602921623249,510.9423669031151,1468.9943036911504,0.0,-1468.9943036911504,12.863802695248435
2016-01-19 00:00:00,-19.56,-3.58,0.0,2.29,87.8,0.0,385.7568312765391,326.83193116810423,142.9653256206545,101.765307173369,510.9472523928028,1468.2666476314698,0.0,-1468.2666476314698,12.744172007316203
2016-01-19 01:00:00,-19.61,-3.58,0.0,2.1,86.49,0.0,384.92841168033056,326.1300538337473,142.65830506335016,101.02495204199157,509.8499841600915,1464.591706779511,0.0,-1464.591706779511,12.62484074435759
2016-01-19 02:00:00,-19.7,-3.58,0.0,1.93,85.49,0.0,384.5794478292178,325.8343947031245,142.52897558280907,100.28644995367118,509.3877703858845,1462.617038454707,0.0,-1462.617038454707,12.505670372426852
2016-01-19 03:00:00,-19.78,-3.58,0.0,1.76,84.39,0.0,384.11342480601024,325.43955735406263,142.35626280663058,99.5489435672074,508.77050799685117,1460.2286965307621,0.0,-1460.2286965307621,12.386694596612454
2016-01-19 04:00:00,-19.84,-3.58,0.0,1.56,83.99,0.0,383.4117702649292,324.84508153385354,142.09622264193172,98.81264147234945,507.8411441312576,1457.0068600443215,0.0,-1457.0068600443215,12.267981327963152
2016-01-19 05:00:00,-19.94,-3.58,0.0,1.42,83.93,0.0,383.18913224542143,324.65645178586857,142.01371077338194,98.07796394832748,507.5462529585744,1455.4835117115738,0.0,-1455.4835117115738,12.149392177919488
2016-01-19 06:00:00,-20.03,-3.58,0.0,1.41,83.8,0.0,382.8489975600056,324.36827315342845,141.88765346962808,97.34405455368913,507.09573369652634,1453.5447124332777,0.0,-1453.5447124332777,12.030960996383655
2016-01-19 07:00:00,-19.94,-3.58,32.28,1.46,82.24,81.3456,380.3692220418715,322.26728684354725,140.9686239523983,96.61112277438838,503.8111917654121,1444.0274473776176,0.0,-1362.6818473776175,11.919933093449592
2016-01-19 08:00:00,-18.84,-3.58,127.2,1.35,84.56,320.544,365.96121781071514,310.0601255819719,135.62887401294904,95.92400746071675,484.7273296598159,1392.3015545261687,0.0,-1071.7575545261689,11.832608973030892
2016-01-19 09:00:00,-16.06,-3.58,306.55,1.61,70.11,772.5060000000001,331.8477032013507,281.1574984481514,122.98606556791464,95.3835870906389,439.54288924060984,1270.9177435486656,0.0,-498.4117435486655,11.791999632860689
2016-01-19 10:00:00,-14.41,-3.58,448.23,1.45,63.94,1129.5396,311.7339581196812,264.11615629923574,115.53171121329194,95.13226918971793,412.9015910144718,1199.4156858363986,0.0,-69.87608583639849,11.78630630445055
2016-01-19 11:00:00,-13.82,-3.58,293.83,0.98,64.6,740.4516,304.646795243078,258.1115675488615,112.90513802979893,95.09703504557048,403.5144172680534,1174.2749531353622,0.0,-433.82335313536225,11.750959464514922
2016-01-19 12:00:00,-13.42,-3.58,243.07,0.76,65.17,612.5364,299.46732819973727,253.72327140231042,110.98557593172212,94.8782850343765,396.65404762561184,1155.708508193758,0.0,-543.172108193758,11.706703161973662
2016-01-19 13:00:00,-13.32,-3.58,245.68,1.43,64.56,619.1136,297.75106269309634,252.26916787269454,110.34951083289691,94.60439727824512,394.3807991076457,1149.3549377845786,0.0,-530.2413377845786,11.66350042620928
2016-01-19 14:00:00,-13.35,-3.58,228.3,2.29,64.76,575.316,297.59398532741784,252.13608429618955,110.29129639594824,94.33702970170135,394.17274511637623,1148.5311408376333,0.0,-573.2151408376333,11.616796292636405
2016-01-19 15:00:00,-13.51,-3.58,136.65,2.74,67.22,344.358,298.9419041647127,253.27810662977498,110.79084854865123,94.04799312133159,395.9581066978815,1153.0169591623521,0.0,-808.6589591623522,11.55090878661479
2016-01-19 16:00:00,-14.59,-3.58,38.83,1.97,80.76,97.85159999999999,311.0071398778692,263.5003605690771,115.26234513035354,93.64023693418675,411.93889702299043,1195.3489795344772,0.0,-1097.4973795344772,11.461487449741595
2016-01-19 17:00:00,-16.33,-3.58,0.0,2.27,68.85,0.0,330.64462659850517,280.1381934933953,122.5401933906074,93.08683757861168,437.9493758280079,1264.3592268891275,0.0,-1264.3592268891275,11.358470627592697
2016-01-19 18:00:00,-17.44,-3.58,0.0,2.36,57.35,0.0,342.6250424518729,290.28858392613444,126.9802548870679,92.44930021913969,453.8178195378567,1306.1610010220716,0.0,-1306.1610010220716,11.252047901615375
2016-01-19 19:00:00,-18.18,-3.58,0.0,2.32,49.39,0.0,350.16292330727396,296.675042848283,129.77386864477106,91.79068483679636,463.80198365281564,1332.20450328994,0.0,-1332.20450328994,11.143503216321268
2016-01-19 20:00:00,-19.01,-3.58,0.0,2.27,43.58,0.0,358.7463186210305,303.9473124205184,132.95496047897453,91.11893734348793,475.17096508407695,1361.9384939480883,0.0,-1361.9384939480883,11.032535879962285
2016-01-19 21:00:00,-20.02,-3.58,0.0,2.24,39.85,0.0,369.44241108124925,313.0095616700198,136.91903892804177,90.43219685650523,489.33828141079755,1399.1414899466135,0.0,-1399.1414899466135,10.91853733669574
2016-01-19 22:00:00,-21.06,-3.58,0.0,2.19,36.04,0.0,380.45936029798327,322.34365635389304,141.00203008831363,89.7266972231273,503.930582766586,1437.4623267299032,0.0,-1437.4623267299032,10.80141650765507
2016-01-19 23:00:00,-22.15,-3.58,0.0,2.14,34.5,0.0,392.0340293684688,332.1502783971631,145.29171778389463,89.00187478609044,519.2616018942315,1477.7395022298485,0.0,-1477.7395022298485,10.681013995262946
2016-01-20 00:00:00,-23.31,-3.58,0.0,2.12,32.41,0.0,404.4024685793771,342.6294210722505,149.87558460319448,88.25674308601413,535.6439949429515,1520.8082122837877,0.0,-1520.8082122837877,10.55710235227767
2016-01-20 01:00:00,-24.39,-3.58,0.0,2.06,31.9,0.0,415.77737171732525,352.2667917109589,154.0912370535703,87.48989452644116,550.7104177081322,1560.335712716428,0.0,-1560.335712716428,10.42997010758723
2016-01-20 02:00:00,-25.23,-3.58,0.0,1.88,30.17,0.0,424.25859796312074,359.4524986844793,157.2344640131037,86.70311471812462,561.9440729434025,1589.5927483222308,0.0,-1589.5927483222308,10.300454072934643
2016-01-20 03:00:00,-26.06,-3.58,0.0,1.74,31.15,0.0,432.59249011550673,366.5133770551812,160.3230874894801,85.901582414766,572.9825794629331,1618.3131165378672,0.0,-1618.3131165378672,10.168597974634322
2016-01-20 04:00:00,-26.94,-3.58,0.0,1.71,32.26,0.0,441.49340848005215,374.05466758431396,163.62185653032662,85.08556822419854,584.7721303234773,1649.0276311423686,0.0,-1649.0276311423686,10.03423933463453
2016-01-20 05:00:00,-27.75,-3.58,0.0,1.7,33.1,0.0,449.5317398430556,380.86513249311605,166.60094223298438,84.25406662299494,595.4191571309046,1676.6710383230557,0.0,-1676.6710383230557,9.897628379073968
2016-01-20 06:00:00,-28.5,-3.58,0.0,1.75,33.66,0.0,456.82943457512283,387.04809406106557,169.3055406199983,83.40862617874265,605.0851870487991,1701.6768824837284,0.0,-1701.6768824837284,9.758980009979501
2016-01-20 07:00:00,-28.74,-3.58,64.15,1.78,36.69,161.65800000000002,458.03524884528423,388.06971850059335,169.7524274040928,82.55057684967461,606.6823265892608,1705.090298188906,0.0,-1543.4322981889059,9.633225013155853
2016-01-20 08:00:00,-27.63,-3.58,247.43,1.84,38.56,623.5236,443.3330581032126,375.613308132611,164.30364901221918,81.77232037715913,587.2088050473151,1652.2311406725169,0.0,-1028.7075406725169,9.549408500010744
2016-01-20 09:00:00,-24.34,-3.58,436.88,1.87,52.63,1100.9376,403.1936340001279,341.6052376801083,149.42757846245556,81.25360743925229,534.0428549065692,1509.5229124885132,0.0,-408.5853124885132,9.516117992396982
2016-01-20 10:00:00,-20.43,-3.58,569.03,1.88,56.68,1433.9556,356.27898721063025,301.85686936336157,132.04054287207265,81.04758339505412,471.9029057713885,1343.126888612507,0.0,90.82871138749306,9.523518488243436
2016-01-20 11:00:00,-16.95,-3.58,623.5,1.23,52.91,1571.22,314.96430880583404,266.8530663614938,116.72891136704287,81.09338263912235,417.18029374513526,1196.8199629186283,0.0,374.4000370813717,9.554023665262985
2016-01-20 12:00:00,-15.27,-3.58,678.3,0.71,53.32,1709.3159999999998,295.33971689412584,250.2261585458509,109.45584205147051,81.28216918486882,391.18689452668013,1127.4907812029962,0.0,581.8252187970036,9.60142932641676
2016-01-20 13:00:00,-13.52,-3.58,551.08,1.43,47.35,1388.7216,275.08338227243314,233.06400761028092,101.9486425924538,81.57554728958571,364.3567318974058,1056.0283116621595,0.0,332.6932883378406,9.628536342038545
2016-01-20 14:00:00,-12.64,-3.58,435.3,2.22,42.33,1096.9560000000001,264.9362290170272,224.46684632774853,98.18800648270248,81.74330372782742,350.91650309238014,1020.2508886476858,0.0,76.70511135231436,9.634786082338646
2016-01-20 15:00:00,-13.16,-3.58,254.62,1.98,51.55,641.6424000000001,271.1971982866193,229.77144370997357,100.50838408266901,81.78198132285704,359.20935699992526,1042.4683644020442,0.0,-400.8259644020442,9.602127786967115
2016-01-20 16:00:00,-15.04,-3.58,68.22,1.31,50.48,171.9144,293.17564075866505,248.39264809262852,108.65381387130783,81.57986983308571,388.3205065181425,1120.1224790738297,0.0,-948.2080790738297,9.524870168274019
2016-01-20 17:00:00,-16.72,-3.58,0.0,1.04,35.17,0.0,312.2440032260992,264.54829129620214,115.7207390121749,81.10174774396225,413.57716205972923,1187.1919433381677,0.0,-1187.1919433381677,9.428140743058064
2016-01-20 18:00:00,-18.12,-3.58,0.0,0.75,34.85,0.0,327.74944939322387,277.68525869002525,121.46721186876933,80.50312102408259,434.1146210854061,1241.5196620615072,0.0,-1241.5196620615072,9.326984831430295
2016-01-20 19:00:00,-19.04,-3.58,0.0,0.55,35.58,0.0,337.49151153839875,285.9392071008174,125.07771717645922,79.87710023011036,447.01829376761106,1275.403829813397,0.0,-1275.403829813397,9.223068122705685
2016-01-20 20:00:00,-19.43,-3.58,0.0,0.29,36.09,0.0,340.8951401923484,288.8229266768733,126.33913587173792,79.23399376746342,451.5265087048451,1286.8177052132683,0.0,-1286.8177052132683,9.118221440009206
2016-01-20 21:00:00,-20.17,-3.58,0.0,0.27,38.75,0.0,348.4517717620839,295.22527211529285,129.1396988310186,78.58513200060464,461.535508740241,1312.937383449241,0.0,-1312.937383449241,9.011246591368906
2016-01-20 22:00:00,-21.35,-3.58,0.0,0.66,41.38,0.0,361.21791107520045,306.0413656409986,133.87095727115747,77.92309971199963,478.44466828542767,1357.498001984784,0.0,-1357.498001984784,8.900641055170121
2016-01-20 23:00:00,-22.57,-3.58,0.0,0.95,45.44,0.0,374.416748269408,317.2240618361148,138.7625778577315,77.23859828766686,495.9269500037927,1403.568936254714,0.0,-1403.568936254714,8.78628177467068
2016-01-21 00:00:00,-23.43,-3.58,0.0,1.18,49.44,0.0,383.28788543764165,324.74012028868043,142.0503096904643,76.53086616974781,507.6770547179703,1434.2862363045044,0.0,-1434.2862363045044,8.669419725520664
2016-01-21 01:00:00,-24.19,-3.58,0.0,1.38,51.93,0.0,390.93951286473356,331.2229508332483,144.88607906108606,75.8076452366666,517.8118798026447,1460.6680677983793,0.0,-1460.6680677983793,8.550408150836157
2016-01-21 02:00:00,-25.12,-3.58,0.0,1.64,55.46,0.0,400.5881135576282,339.3977141604285,148.46194662324595,75.07112159433083,530.5917598041365,1494.11065573977,0.0,-1494.11065573977,8.428671757871458
2016-01-21 03:00:00,-26.18,-3.58,0.0,1.87,58.35,0.0,411.75094968002645,348.8554113193443,152.59900492447565,74.31773494442835,545.3772930292414,1532.900393897516,0.0,-1532.900393897516,8.303774874223402
2016-01-21 04:00:00,-27.21,-3.58,0.0,2.05,62.93,0.0,422.51926434762134,357.9788507321719,156.58984964326885,73.54478905320128,559.6402699779619,1570.2730237542253,0.0,-1570.2730237542253,8.17583296232601
2016-01-21 05:00:00,-28.09,-3.58,0.0,2.12,66.84,0.0,431.4667510976832,365.55959626024617,159.90587739182754,72.75299847982325,571.491502153518,1601.176725383098,0.0,-1601.176725383098,8.04537309424438
2016-01-21 06:00:00,-28.96,-3.58,0.0,2.19,68.71,0.0,440.2653075338927,373.0141607899834,163.1667100820273,71.9456251006133,583.1454713683405,1631.5372748748573,0.0,-1631.5372748748573,7.912439524653861
2016-01-21 07:00:00,-29.29,-3.58,63.72,2.22,68.85,160.5744,442.60987280466765,375.0005904085109,164.03562933425675,71.12294279325744,586.2509230053053,1639.019958345998,0.0,-1478.445558345998,7.791979484578309
2016-01-21 08:00:00,-27.77,-3.58,246.25,2.14,64.84,620.55,423.09277072866513,358.46475320454937,156.80239682290045,70.37745507319696,560.3998975097787,1569.1372733390906,0.0,-948.5872733390906,7.714690970086492
2016-01-21 09:00:00,-23.62,-3.58,466.23,2.2,68.67,1174.8996,372.7993046115325,315.85368497847185,138.1631371207884,69.89914178009805,493.7845941830108,1390.4998626739016,0.0,-215.60026267390163,7.697124400837197
2016-01-21 10:00:00,-19.83,-3.58,526.17,1.94,74.36,1325.9484,327.4994109367126,277.4734139604389,121.37454512522903,69.79042803858901,433.78343715815276,1229.921235219122,0.0,96.02716478087791,7.704948453642217
2016-01-21 11:00:00,-15.81,-3.58,676.58,0.98,63.71,1704.9816,279.76521102003557,237.03068041271356,103.68377497931563,69.83884853789807,370.55796371187546,1060.8764786618385,0.0,644.1051213381616,7.7574285252223065
2016-01-21 12:00:00,-11.71,-3.58,591.17,0.89,43.76,1489.7484,231.61051193087783,196.23167953424084,85.83716364993444,70.16363050614508,306.77552567186314,890.6185112930614,0.0,599.1298887069386,7.806244127526148
2016-01-21 13:00:00,-10.81,-3.58,565.6,1.82,44.61,1425.3120000000001,221.48368630300607,187.65174080546356,82.08406116150593,70.46573427468147,293.362221459208,855.0474440038649,0.0,570.2645559961352,7.852707854838375
2016-01-21 14:00:00,-10.91,-3.58,404.17,2.17,44.61,1018.5084,223.22621428086092,189.1280951767708,82.72985939386058,70.75328305947167,295.670255459685,861.507707370649,0.0,157.00069262935108,7.86549987793267
2016-01-21 15:00:00,-11.64,-3.58,207.8,1.92,51.8,523.6560000000001,232.0634595546343,196.61543876956134,86.00503055278398,70.83244869917714,307.37546927641415,892.8918468525709,0.0,-369.23584685257083,7.835415466194878
2016-01-21 16:00:00,-13.68,-3.58,53.0,1.39,53.79,133.56,255.97609792554854,216.87538789924437,94.86729261521768,70.64626613189839,339.0485230824853,977.4135676543943,0.0,-843.8535676543943,7.766660391648022
2016-01-21 17:00:00,-15.78,-3.58,0.0,1.2,42.11,0.0,280.1424985588766,237.35033674781207,103.82360150076575,70.22076350269143,371.0576931157461,1062.594893425892,0.0,-1062.594893425892,7.680082821900132
2016-01-21 18:00:00,-17.07,-3.58,0.0,0.92,42.02,0.0,294.46001793636765,249.48083484475333,109.12981685179258,69.68496329011262,390.02170514063096,1112.7773380636572,0.0,-1112.7773380636572,7.58941651228757
2016-01-21 19:00:00,-17.93,-3.58,0.0,0.7,43.33,0.0,303.6130383080847,257.23571844385873,112.52201740861679,69.12385920616103,402.1451731672324,1144.6398065339536,0.0,-1144.6398065339536,7.4961541285705735
2016-01-21 20:00:00,-19.06,-3.58,0.0,0.67,46.57,0.0,315.9474526727863,267.6860336159914,117.09327428086519,68.54668887016429,418.4824992196664,1187.7559486594737,0.0,-1187.7559486594737,7.399378749614068
2016-01-21 21:00:00,-20.26,-3.58,0.0,0.78,50.37,0.0,329.0728851829702,278.8065377961098,121.95769036008468,67.9477777576408,435.8675540879183,1233.6524451847238,0.0,-1233.6524451847238,7.298863839107314
2016-01-21 22:00:00,-21.43,-3.58,0.0,1.01,55.34,0.0,341.7969071953814,289.5869474982017,126.67333970889604,67.3257239095866,452.72092792218854,1278.1038462342542,0.0,-1278.1038462342542,7.194727139809209
2016-01-21 23:00:00,-22.49,-3.58,0.0,1.27,60.19,0.0,353.1691327630608,299.2220495692768,130.88799982504912,66.6812559973588,467.78380415996935,1317.744242314715,0.0,-1317.744242314715,7.087360640351397
2016-01-22 00:00:00,-23.52,-3.58,0.0,1.53,65.3,0.0,364.1460122779023,308.5221952547421,134.9561407545172,66.0167999101661,482.3230319149133,1355.9641801122411,0.0,-1355.9641801122411,6.976880076116033
2016-01-22 01:00:00,-24.6,-3.58,0.0,1.77,69.81,0.0,375.6807094544427,318.2949511672496,139.23101446789437,65.33307189636868,497.6011069914668,1396.1408539774222,0.0,-1396.1408539774222,6.863126017150625
2016-01-22 02:00:00,-25.76,-3.58,0.0,2.0,75.17,0.0,388.1282475406706,328.8411102528783,143.8441961185839,64.62908529622678,514.0882690286663,1439.5309082370259,0.0,-1439.5309082370259,6.745836645271267
2016-01-22 03:00:00,-26.83,-3.58,0.0,2.12,80.16,0.0,399.46296470761035,338.4444333843344,148.04495524766304,63.90321980278325,529.1014641908426,1478.9570373332335,0.0,-1478.9570373332335,6.625334931169267
2016-01-22 04:00:00,-27.83,-3.58,0.0,2.21,84.81,0.0,409.9266501386495,347.3097761061862,151.92290133585092,63.15747417582733,542.9609499793376,1515.2777517358516,0.0,-1515.2777517358516,6.501873896253717
2016-01-22 05:00:00,-28.75,-3.58,0.0,2.3,88.89,0.0,419.40334076767016,355.3388888742375,155.43505731530757,62.393414281959025,555.5131296067245,1548.0838308458988,0.0,-1548.0838308458988,6.375739904202878
2016-01-22 06:00:00,-29.58,-3.58,0.0,2.38,92.18,0.0,427.7774702126882,362.433858234365,158.53859313328576,61.61281233215784,566.6049317063905,1576.9676656188872,0.0,-1576.9676656188872,6.247252529658752
2016-01-22 07:00:00,-29.84,-3.58,61.45,2.43,89.91,154.854,429.3421199283784,363.75950549896027,159.1184679091794,60.817646069176526,568.6773602633745,1581.7150996690689,0.0,-1426.8610996690688,6.13099546203925
2016-01-22 08:00:00,-28.09,-3.58,235.62,2.33,83.23,593.7624000000001,407.1386350528105,344.9476342573556,150.88963516331611,60.09816916856932,539.2681348889992,1502.3422085310508,0.0,-908.5798085310507,6.056966655547429
2016-01-22 09:00:00,-23.39,-3.58,431.77,2.54,78.52,1088.0604,350.34041671535795,296.8254238879181,129.83964947047482,59.64002914025975,464.0370793447785,1300.682598558789,0.0,-212.62219855878902,6.03964273150115
2016-01-22 10:00:00,-19.49,-3.58,590.12,2.28,84.1,1487.1024,303.7347030602684,257.3387987335316,112.56710757812833,59.532817050411026,402.30632202008763,1135.479748442427,0.0,351.6226515575729,6.068292064213464
2016-01-22 11:00:00,-14.95,-3.58,635.25,1.83,66.17,1600.83,250.06165445004999,211.8643840072717,92.67534092756644,59.71011838379562,331.21465366470136,945.526151433385,0.0,655.3038485666149,6.1216845800314355
2016-01-22 12:00:00,-11.35,-3.58,692.05,0.76,43.57,1743.966,207.86647834011734,176.11458056671688,77.03738819912111,60.04054717047432,275.32579428596733,796.384788562397,0.0,947.5812114376029,6.1988911231200525
2016-01-22 13:00:00,-9.98,-3.58,604.2,0.6,38.88,1522.584,192.48568195048657,163.08322252105015,71.33711179216306,60.51835316941624,254.95343787457497,742.377807307691,0.0,780.2061926923091,6.262460369013729
2016-01-22 14:00:00,-9.56,-3.58,423.15,1.61,38.48,1066.338,188.2451059894901,159.49040051965838,69.76551208496728,60.911762404192494,249.3366594790659,727.7494404773742,0.0,338.5885595226258,6.290047716561953
2016-01-22 15:00:00,-10.27,-3.58,242.07,1.84,49.83,610.0164,197.02042949654953,166.92528098294449,73.0177344201149,61.08249145934922,260.95985593666984,759.005792295628,0.0,-148.98939229562802,6.277908434147766
2016-01-22 16:00:00,-12.4,-3.58,73.05,1.58,48.28,184.08599999999998,222.21732719481628,188.2733170162095,82.35595578651929,61.007365417846614,294.3339522686741,848.1879176840658,0.0,-664.1019176840658,6.223799073700317
2016-01-22 17:00:00,-14.43,-3.58,0.0,1.42,33.91,0.0,245.72515936449776,208.1902946628992,91.06819263700537,60.672500314625665,325.470827322999,931.1269743020268,0.0,-931.1269743020268,6.14793318062994
2016-01-22 18:00:00,-15.88,-3.58,0.0,1.09,32.65,0.0,262.07369268800795,222.0415664607498,97.12712199486353,60.20299115939117,347.1249822336388,988.5703545366513,0.0,-988.5703545366513,6.067386944853621
2016-01-22 19:00:00,-16.94,-3.58,0.0,0.82,34.03,0.0,273.7265818947442,231.9144604041245,101.44579885237891,59.70451689663417,362.5596064317812,1029.350964479663,0.0,-1029.350964479663,5.983518007148706
2016-01-22 20:00:00,-18.23,-3.58,0.0,0.79,36.89,0.0,288.076326774093,244.07226151205896,106.76395729551156,59.18547952030325,381.5663021638521,1079.6643272658189,0.0,-1079.6643272658189,5.895549662696385
2016-01-22 21:00:00,-19.27,-3.58,0.0,0.93,39.02,0.0,299.4029659771144,253.66874059997957,110.9617226506681,58.641072258757234,396.56879780463464,1119.243299291154,0.0,-1119.243299291154,5.804356522762481
2016-01-22 22:00:00,-20.29,-3.58,0.0,1.1,43.02,0.0,310.45329201612384,263.0311137494458,115.05708359386513,58.07670779455946,411.2053078283002,1157.8235049822943,0.0,-1157.8235049822943,5.710019964325648
2016-01-22 23:00:00,-21.25,-3.58,0.0,1.34,46.17,0.0,320.75237967428694,271.75700124040253,118.87402810725838,57.49288974316818,424.8467786058292,1193.7230773709452,0.0,-1193.7230773709452,5.612758398671457
2016-01-23 00:00:00,-22.18,-3.58,0.0,1.61,50.52,0.0,330.6597475032462,280.15100465860826,122.54579734857965,56.8909697804687,437.96940394962417,1228.216923240527,0.0,-1228.216923240527,5.51268636087485
2016-01-23 01:00:00,-23.29,-3.58,0.0,1.86,55.06,0.0,342.6751984415239,290.3310785176185,126.99884319662176,56.27165672651316,453.88425274921013,1270.1610296314875,0.0,-1270.1610296314875,5.409196822374031
2016-01-23 02:00:00,-24.44,-3.58,0.0,2.06,60.25,0.0,355.12588361624074,300.87990396953023,131.61319118966506,55.631193880421634,470.37558320569883,1313.6257558615566,0.0,-1313.6257558615566,5.302165886874187
2016-01-23 03:00:00,-25.36,-3.58,0.0,2.12,64.49,0.0,364.79804863633535,309.0746321396918,135.19779192629662,54.96881448861941,483.18667491171806,1347.2259621026612,0.0,-1347.2259621026612,5.1923972907499785
2016-01-23 04:00:00,-26.18,-3.58,0.0,2.17,66.69,0.0,373.2479093268695,316.2337646907598,138.32939449850193,54.289492612190095,494.37878546655435,1376.4793465948756,0.0,-1376.4793465948756,5.080245202147211
2016-01-23 05:00:00,-27.02,-3.58,0.0,2.22,70.81,0.0,381.9073595027425,323.57047163764383,141.53867302246934,53.59542008174715,505.84850399351643,1406.4604282381192,0.0,-1406.4604282381192,4.9656503301251504
2016-01-23 06:00:00,-27.79,-3.58,0.0,2.27,74.68,0.0,389.704933641331,330.1769553276615,144.42853169868638,52.88622996508468,516.176640162244,1433.3732907950075,0.0,-1433.3732907950075,4.848862665488003
2016-01-23 07:00:00,-28.04,-3.58,78.15,2.31,74.65,196.93800000000002,391.28980537459177,331.5197356681191,145.01590095579792,52.16346937338201,518.2758534278261,1438.2647647997169,0.0,-1241.3267647997168,4.74772247064585
2016-01-23 08:00:00,-26.44,-3.58,284.08,2.19,68.64,715.8815999999999,371.0507711907442,314.3722425041102,137.5151132114402,51.53754584544645,491.4686057814255,1365.9442785331664,0.0,-650.0626785331665,4.694756992231256
2016-01-23 09:00:00,-22.18,-3.58,440.98,2.29,70.83,1111.2696,319.73797756206426,270.89755048169104,118.49808057625994,51.209759853341176,423.50317058637694,1183.8465390597335,0.0,-72.57693905973338,4.688843605067053
2016-01-23 10:00:00,-18.4,-3.58,589.05,2.04,76.58,1484.406,274.69569904073853,232.73554353907588,101.8049633236422,51.17316383766566,363.84323306608854,1024.252602807211,0.0,460.15339719278904,4.726335751026595
2016-01-23 11:00:00,-14.13,-3.58,691.17,1.08,58.21,1741.7484,224.34013669434603,190.0718643703481,83.14269014019642,51.405190444945745,297.1456812989774,846.1055629488137,0.0,895.6428370511862,4.799310485493834
2016-01-23 12:00:00,-10.89,-3.58,670.22,0.86,43.75,1688.9544,186.66097726670455,158.14824969377784,69.17841819494174,51.856807166855184,247.23843035460598,713.0828826768853,0.0,975.8715173231147,4.8788220518289815
2016-01-23 13:00:00,-10.03,-3.58,529.1,1.64,44.47,1333.332,177.37524518128618,150.28092628243613,65.73703335458795,52.348878199443654,234.93918142154175,680.6812644392957,0.0,652.6507355607044,4.931998398646199
2016-01-23 14:00:00,-9.96,-3.58,432.17,2.06,44.54,1089.0684,177.17508854934255,150.1113438583537,65.66285331228964,52.677969187003086,234.6740675652262,680.3013224722151,0.0,408.767077527785,4.965303716019975
2016-01-23 15:00:00,-10.63,-3.58,253.0,1.91,53.0,637.5600000000001,185.54254727095042,157.20066145748137,68.76391689370031,52.88408488395367,245.75703407852916,710.148244584615,0.0,-72.58824458461493,4.959389407709929
2016-01-23 16:00:00,-12.59,-3.58,73.7,1.36,54.59,185.72400000000002,208.79095867889444,176.89784522971607,77.38000982483746,52.847483167608345,276.55029804245606,792.4665949435123,0.0,-606.7425949435122,4.909953541174398
2016-01-23 17:00:00,-14.56,-3.58,0.0,1.19,43.59,0.0,231.64055289065533,196.25713169503794,85.84829712897701,52.54154078696766,306.8153158832426,873.1028383848804,0.0,-873.1028383848804,4.838815309327982
2016-01-23 18:00:00,-16.32,-3.58,0.0,0.97,46.21,0.0,251.73350652321903,213.28085831802608,93.29494596538062,52.10128957806008,333.429075170514,943.8396755551998,0.0,-943.8396755551998,4.76191361720922
2016-01-23 19:00:00,-17.6,-3.58,0.0,0.85,49.23,0.0,266.0471697083964,225.40808926146894,98.59973217311021,51.625370201888096,352.38797954542974,994.0683408902934,0.0,-994.0683408902934,4.680919419279167
2016-01-23 20:00:00,-18.48,-3.58,0.0,0.89,52.72,0.0,275.5532091225593,233.46206774633401,102.12276510479228,51.12412364813359,364.97903257676876,1027.2411981985879,0.0,-1027.2411981985879,4.597222380045139
2016-01-23 21:00:00,-19.49,-3.58,0.0,1.04,56.32,0.0,286.5737454336663,242.79920159085498,106.2070856779831,50.60615009511756,379.5760851537032,1065.7622679513252,0.0,-1065.7622679513252,4.510386740556286
2016-01-23 22:00:00,-20.53,-3.58,0.0,1.23,60.29,0.0,297.9138608066973,252.40709834480737,110.40984543603113,50.06875277346687,394.5964304123821,1105.3959877733846,0.0,-1105.3959877733846,4.420321844872535
2016-01-23 23:00:00,-21.37,-3.58,0.0,1.42,64.32,0.0,306.8360897081973,259.9664441963152,113.71651237422603,49.51137064327122,406.41420776023926,1136.444624682249,0.0,-1136.444624682249,4.327727184041045
2016-01-24 00:00:00,-22.19,-3.58,0.0,1.55,69.61,0.0,315.4902744541586,267.29869001513373,116.92383947739978,48.93833262543771,417.8769520569923,1166.528088629122,0.0,-1166.528088629122,4.232681397936667
2016-01-24 01:00:00,-23.04,-3.58,0.0,1.66,74.41,0.0,324.47221738196714,274.90862849120157,120.25263702877673,48.35012539638593,429.77382254124507,1197.7574308395765,0.0,-1197.7574308395765,4.135091123269306
2016-01-24 02:00:00,-23.91,-3.58,0.0,1.81,79.72,0.0,333.661834370821,282.6945185225546,123.658400656586,47.74617116130336,441.9457639569269,1229.7066886681916,0.0,-1229.7066886681916,4.034897703118032
2016-01-24 03:00:00,-24.58,-3.58,0.0,1.86,85.19,0.0,340.4410139368001,288.4381688474298,126.17083215620164,47.12610691172494,450.9250039648151,1253.1011258169715,0.0,-1253.1011258169715,3.932798162839048
2016-01-24 04:00:00,-25.26,-3.58,0.0,1.93,89.66,0.0,347.31648910023324,294.26340548141764,128.71895176379007,46.49424630920428,460.0317905692828,1276.824883223928,0.0,-1276.824883223928,3.828765670242779
2016-01-24 05:00:00,-25.85,-3.58,0.0,1.96,93.54,0.0,353.0982071646258,299.1619579560472,130.8617140915171,45.850423298111494,467.6898609379537,1296.6621634482553,0.0,-1296.6621634482553,3.7231168857530927
2016-01-24 06:00:00,-26.42,-3.58,0.0,1.97,95.72,0.0,358.6227489704801,303.8426182083912,132.90916433514653,45.19659758605812,475.0072931324515,1315.5784222325274,0.0,-1315.5784222325274,3.6159268518894483
2016-01-24 07:00:00,-26.59,-3.58,68.68,2.0,92.23,173.07360000000003,359.3700201569315,304.4757426670456,133.18611048317567,44.53323358660988,475.9970777028146,1317.5621845965773,0.0,-1144.4885845965773,3.5226767893570465
2016-01-24 08:00:00,-24.99,-3.58,250.27,1.88,81.53,630.6804000000001,339.2248575176023,287.407782036719,125.72011246861786,43.956139502387636,449.31416591740395,1245.6230574427307,0.0,-614.9426574427306,3.472572802273078
2016-01-24 09:00:00,-21.06,-3.58,438.5,2.15,79.58,1105.02,291.8722284432331,247.28833384691262,108.17075627910121,43.646062342578126,386.59409524733996,1077.5714761591648,0.0,27.44852384083515,3.474809239227565
2016-01-24 10:00:00,-17.04,-3.58,595.75,1.54,77.57,1501.29,244.07155079088903,206.78927713141385,90.45534882191919,43.65990291813508,323.28056991544355,908.2566495778008,0.0,593.0333504221992,3.523128110865907
2016-01-24 11:00:00,-12.28,-3.58,597.65,0.31,53.1,1506.078,188.01510364477383,159.29553135752832,69.68027092411198,43.95893258333334,249.03201402226924,709.9818525320168,0.0,796.0961474679832,3.5879920304648616
2016-01-24 12:00:00,-9.74,-3.58,649.45,1.23,45.07,1636.614,158.56758139305285,134.34615966708583,58.7667257420158,44.36035412947995,210.02782961287744,606.0686505445119,0.0,1030.5453494554881,3.6719582836652584
2016-01-24 13:00:00,-9.22,-3.58,604.65,2.16,46.03,1523.7179999999998,153.3799419888783,129.95093949934582,56.84413488557888,44.87999375952759,203.15663541731058,588.2116455506412,0.0,935.5063544493587,3.7481809976581744
2016-01-24 14:00:00,-9.49,-3.58,445.5,2.81,47.12,1122.66,157.49906948052944,133.4408644563944,58.3707245798382,45.35171116254158,208.61255143349652,603.2749211128001,0.0,519.3850788871999,3.790499192646288
2016-01-24 15:00:00,-10.5,-3.58,236.23,2.55,56.43,595.2995999999999,170.0188512041195,144.04823186187457,63.010680442420046,45.613604606035175,225.1954024773972,647.8867705918465,0.0,-52.58717059184653,3.7862145217355505
2016-01-24 16:00:00,-12.91,-3.58,70.55,1.64,61.7,177.786,198.64045154586069,168.29784237909436,73.61813073461693,45.58708818161383,263.10562691931744,749.2491397605031,0.0,-571.463139760503,3.7396531368210706
2016-01-24 17:00:00,-14.8,-3.58,0.0,1.17,48.93,0.0,220.57245765544678,186.87970361915643,81.74635074460396,45.29893502592019,292.15526999128116,826.6527170364086,0.0,-826.6527170364086,3.6722995444884767
2016-01-24 18:00:00,-16.35,-3.58,0.0,0.6,52.03,0.0,238.2119981344276,201.82477940844387,88.28374021877342,44.88210571095055,315.5194051418672,888.7220286144627,0.0,-888.7220286144627,3.5998887001536386
2016-01-24 19:00:00,-17.62,-3.58,0.0,0.86,57.19,0.0,252.46011709205496,213.89647809754868,93.56423508264467,44.43397872031552,334.39149409250103,938.7463030850648,0.0,-938.7463030850648,3.5234020032630795
2016-01-24 20:00:00,-19.14,-3.58,0.0,1.27,63.55,0.0,269.6340779302336,228.44709219289186,99.92907610257325,43.96062761364035,357.13895412822086,999.10982796756,0.0,-999.10982796756,3.4419970375966433
2016-01-24 21:00:00,-20.19,-3.58,0.0,1.26,69.35,0.0,281.157777193598,238.21053013897418,104.1998738797365,43.45683895295079,372.40246211726287,1039.4274822825223,0.0,-1039.4274822825223,3.3573070904663203
2016-01-24 22:00:00,-21.15,-3.58,0.0,1.23,75.08,0.0,291.5716338147089,247.03365547190052,108.05935291443603,42.93272061828456,386.19594805440437,1075.7933108737343,0.0,-1075.7933108737343,3.2696541467313884
2016-01-24 23:00:00,-22.04,-3.58,0.0,1.36,80.74,0.0,301.1174252481803,255.1213137990524,111.59711834059065,42.39026526843943,398.8396539058518,1109.0657765621145,0.0,-1109.0657765621145,3.1792902458512247
2016-01-25 00:00:00,-22.99,-3.58,0.0,1.68,86.16,0.0,311.34480359624774,263.7864456781803,115.38748666910095,41.831032693050346,412.3861434102218,1144.735912046801,0.0,-1144.735912046801,3.0860200316978195
2016-01-25 01:00:00,-23.99,-3.58,0.0,1.93,91.03,0.0,322.1324712951847,272.926281919514,119.3855038141566,41.25381389704825,426.6747540675068,1182.3728249934106,0.0,-1182.3728249934106,2.9896832561710345
2016-01-25 02:00:00,-24.86,-3.58,0.0,2.1,94.84,0.0,331.337001582797,280.724807222204,122.79679445909221,40.65761715744568,438.8664486240455,1214.3826690455844,0.0,-1214.3826690455844,2.8907383987466306
