timestamp,temperature_C,solar_radiation_W_m2,wind_speed_m_s,humidity_percent
2024-06-01 06:00:00,-0.84,134.75,1.68,71.45
2024-06-01 07:00:00,0.59,243.43,2.3,57.24
2024-06-01 08:00:00,1.94,340.12,2.71,49.13
2024-06-01 09:00:00,3.44,520.8,3.32,43.44
2024-06-01 10:00:00,4.77,519.0,4.05,39.34
2024-06-01 11:00:00,5.71,538.17,4.85,36.42
2024-06-01 12:00:00,6.36,551.28,5.56,34.5
2024-06-01 13:00:00,6.58,399.95,6.09,33.87
2024-06-01 14:00:00,6.49,328.92,6.41,34.17
2024-06-01 15:00:00,5.69,295.9,6.32,36.11
2024-06-01 16:00:00,4.69,197.8,5.81,39.17
2024-06-01 17:00:00,3.43,126.95,4.99,43.07
2024-06-01 18:00:00,1.83,28.8,2.95,55.47
2024-06-01 19:00:00,0.04,0.0,1.89,70.39
2024-06-01 20:00:00,-0.64,0.0,1.71,69.24
2024-06-01 21:00:00,-1.37,0.0,1.84,71.82
2024-06-01 22:00:00,-1.81,0.0,1.99,76.97
2024-06-01 23:00:00,-1.8,0.0,1.98,81.35
2024-06-02 00:00:00,-1.87,0.0,1.98,84.3
2024-06-02 01:00:00,-2.14,0.0,1.92,87.28
2024-06-02 02:00:00,-2.4,0.0,1.9,89.35
2024-06-02 03:00:00,-2.88,0.0,1.9,90.68
2024-06-02 04:00:00,-3.45,0.0,1.89,93.12
2024-06-02 05:00:00,-2.34,91.05,2.22,85.41
2024-06-02 06:00:00,-0.4,158.77,3.58,67.94
2024-06-02 07:00:00,0.97,301.27,4.04,57.86
2024-06-02 08:00:00,2.19,578.53,4.17,51.31
2024-06-02 09:00:00,3.32,587.9,4.26,45.53
2024-06-02 10:00:00,4.23,899.03,4.45,41.79
2024-06-02 11:00:00,5.28,936.3,4.66,38.93
2024-06-02 12:00:00,6.1,964.92,4.9,37.17
2024-06-02 13:00:00,6.55,581.15,5.17,35.93
2024-06-02 14:00:00,6.93,544.72,5.41,34.53
2024-06-02 15:00:00,6.73,403.85,5.38,34.05
2024-06-02 16:00:00,6.11,260.7,5.05,34.24
2024-06-02 17:00:00,5.1,199.6,4.42,35.23
2024-06-02 18:00:00,2.81,39.15,2.51,53.42
2024-06-02 19:00:00,0.78,0.0,2.04,56.7
2024-06-02 20:00:00,0.64,0.0,1.63,48.73
2024-06-02 21:00:00,0.43,0.0,1.29,45.27
2024-06-02 22:00:00,0.03,0.0,1.03,44.89
2024-06-02 23:00:00,-0.57,0.0,0.81,45.66
2024-06-03 00:00:00,-1.21,0.0,0.58,47.78
2024-06-03 01:00:00,-1.76,0.0,0.38,49.81
2024-06-03 02:00:00,-2.15,0.0,0.14,51.63
2024-06-03 03:00:00,-2.46,0.0,0.16,53.17
2024-06-03 04:00:00,-2.8,0.0,0.46,55.12
2024-06-03 05:00:00,-1.94,127.1,0.78,56.57
2024-06-03 06:00:00,1.12,301.23,0.53,41.72
2024-06-03 07:00:00,3.52,552.0,1.05,34.2
2024-06-03 08:00:00,4.82,800.3,1.31,33.19
2024-06-03 09:00:00,6.07,965.4,1.65,32.64
2024-06-03 10:00:00,7.24,1026.55,2.21,31.96
2024-06-03 11:00:00,8.17,876.95,2.85,31.55
2024-06-03 12:00:00,8.73,852.5,3.43,31.53
2024-06-03 13:00:00,8.9,908.45,3.91,31.82
2024-06-03 14:00:00,8.63,750.15,4.15,32.65
2024-06-03 15:00:00,8.09,469.23,4.13,34.21
2024-06-03 16:00:00,7.17,311.62,3.94,36.8
2024-06-03 17:00:00,5.97,202.3,3.53,40.38
2024-06-03 18:00:00,4.23,38.9,2.36,54.6
2024-06-03 19:00:00,2.2,0.0,1.87,69.38
2024-06-03 20:00:00,1.25,0.0,1.92,70.06
2024-06-03 21:00:00,0.54,0.0,1.91,70.64
2024-06-03 22:00:00,-0.21,0.0,1.87,71.59
2024-06-03 23:00:00,-0.83,0.0,1.78,73.68
2024-06-04 00:00:00,-1.37,0.0,1.59,75.12
2024-06-04 01:00:00,-1.85,0.0,1.44,78.32
2024-06-04 02:00:00,-1.99,0.0,1.32,80.48
2024-06-04 03:00:00,-1.95,0.0,1.25,81.64
2024-06-04 04:00:00,-1.92,0.0,1.22,83.05
2024-06-04 05:00:00,-0.72,103.5,1.36,80.58
2024-06-04 06:00:00,1.97,267.5,2.3,67.89
2024-06-04 07:00:00,4.17,569.9,3.32,55.5
2024-06-04 08:00:00,4.84,755.3,3.69,50.24
2024-06-04 09:00:00,5.44,772.15,4.07,46.42
2024-06-04 10:00:00,6.6,870.03,4.51,41.96
2024-06-04 11:00:00,7.73,887.12,4.97,37.75
2024-06-04 12:00:00,8.67,696.58,5.47,33.88
2024-06-04 13:00:00,9.1,709.8,5.82,31.75
2024-06-04 14:00:00,9.19,660.25,6.29,30.74
2024-06-04 15:00:00,8.67,480.15,6.84,31.0
2024-06-04 16:00:00,7.18,303.45,7.12,33.96
2024-06-04 17:00:00,5.04,159.1,6.38,40.49
2024-06-04 18:00:00,3.24,33.47,4.35,49.9
2024-06-04 19:00:00,1.41,0.0,2.34,66.52
2024-06-04 20:00:00,0.13,0.0,2.05,71.78
2024-06-04 21:00:00,-0.72,0.0,1.9,70.99
2024-06-04 22:00:00,-1.23,0.0,1.8,71.3
2024-06-04 23:00:00,-1.68,0.0,1.73,73.1
2024-06-05 00:00:00,-2.13,0.0,1.69,75.68
2024-06-05 01:00:00,-2.53,0.0,1.6,79.19
2024-06-05 02:00:00,-2.78,0.0,1.42,81.82
2024-06-05 03:00:00,-2.9,0.0,1.22,83.44
2024-06-05 04:00:00,-2.98,0.0,1.02,84.6
2024-06-05 05:00:00,-2.08,59.4,1.05,80.13
2024-06-05 06:00:00,0.2,190.07,1.46,60.54
2024-06-05 07:00:00,2.0,373.83,1.62,47.32
2024-06-05 08:00:00,3.65,574.25,1.93,41.61
2024-06-05 09:00:00,5.12,659.33,2.28,38.93
2024-06-05 10:00:00,6.47,757.8,2.6,36.81
2024-06-05 11:00:00,7.68,644.97,3.24,35.3
2024-06-05 12:00:00,8.33,591.8,3.94,34.95
2024-06-05 13:00:00,8.47,519.45,4.44,36.05
2024-06-05 14:00:00,8.25,683.4,4.83,37.18
2024-06-05 15:00:00,7.48,503.83,5.06,38.82
2024-06-05 16:00:00,6.44,312.0,4.72,41.21
2024-06-05 17:00:00,5.32,140.2,3.87,44.02
2024-06-05 18:00:00,3.57,24.55,2.32,57.41
2024-06-05 19:00:00,1.27,0.0,2.12,68.92
2024-06-05 20:00:00,0.5,0.0,1.89,66.46
2024-06-05 21:00:00,0.43,0.0,0.96,58.21
2024-06-05 22:00:00,-1.15,0.0,2.01,67.51
2024-06-05 23:00:00,-0.3,0.0,0.56,63.64
2024-06-06 00:00:00,-0.96,0.0,0.95,69.67
2024-06-06 01:00:00,-2.06,0.0,1.29,81.71
2024-06-06 02:00:00,-2.16,0.0,0.65,82.16
2024-06-06 03:00:00,-3.44,0.0,1.32,87.12
2024-06-06 04:00:00,-4.02,0.0,1.34,90.19
2024-06-06 05:00:00,-3.08,77.35,1.58,85.88
2024-06-06 06:00:00,-0.36,216.18,2.5,71.33
2024-06-06 07:00:00,2.01,401.9,3.38,56.46
2024-06-06 08:00:00,3.92,589.3,3.96,45.14
2024-06-06 09:00:00,5.37,702.35,4.51,41.0
2024-06-06 10:00:00,6.33,798.6,5.28,40.73
2024-06-06 11:00:00,6.82,764.25,6.05,41.19
2024-06-06 12:00:00,6.87,760.33,6.62,41.62
2024-06-06 13:00:00,6.47,477.85,6.87,42.98
2024-06-06 14:00:00,5.85,469.3,6.71,44.56
2024-06-06 15:00:00,5.29,367.65,6.18,45.27
2024-06-06 16:00:00,4.69,224.8,5.28,45.65
2024-06-06 17:00:00,3.7,105.35,3.94,48.83
2024-06-06 18:00:00,2.28,24.4,2.09,61.73
2024-06-06 19:00:00,1.11,0.0,1.08,70.42
2024-06-06 20:00:00,0.61,0.0,0.78,72.28
2024-06-06 21:00:00,-0.24,0.0,0.88,78.33
2024-06-06 22:00:00,-1.2,0.0,1.07,84.63
2024-06-06 23:00:00,-1.93,0.0,1.21,90.81
2024-06-07 00:00:00,-2.39,0.0,1.27,94.13
2024-06-07 01:00:00,-3.07,0.0,1.32,97.42
2024-06-07 02:00:00,-3.6,0.0,1.39,100.0
2024-06-07 03:00:00,-4.09,0.0,1.49,100.0
2024-06-07 04:00:00,-4.56,0.0,1.54,100.0
2024-06-07 05:00:00,-3.28,65.25,1.96,93.69
2024-06-07 06:00:00,-0.31,205.77,2.59,66.5
2024-06-07 07:00:00,1.9,386.7,2.85,51.56
2024-06-07 08:00:00,3.63,570.0,3.04,43.93
2024-06-07 09:00:00,5.27,677.05,3.61,39.14
2024-06-07 10:00:00,6.77,697.45,4.55,35.94
2024-06-07 11:00:00,7.85,739.22,5.83,34.33
2024-06-07 12:00:00,8.22,681.92,7.05,34.08
2024-06-07 13:00:00,7.98,636.72,7.67,34.81
2024-06-07 14:00:00,7.36,593.35,7.39,35.95
2024-06-07 15:00:00,6.47,399.02,6.59,38.12
2024-06-07 16:00:00,5.36,184.93,5.77,41.59
2024-06-07 17:00:00,4.04,127.45,4.85,45.98
2024-06-07 18:00:00,2.61,28.42,3.01,55.62
2024-06-07 19:00:00,1.0,0.0,1.78,72.02
2024-06-07 20:00:00,0.02,0.0,1.82,71.5
2024-06-07 21:00:00,-1.0,0.0,1.94,70.75
2024-06-07 22:00:00,-1.75,0.0,1.84,70.3
2024-06-07 23:00:00,-2.38,0.0,1.65,71.44
2024-06-08 00:00:00,-3.0,0.0,1.46,74.04
2024-06-08 01:00:00,-3.59,0.0,1.28,78.19
2024-06-08 02:00:00,-4.02,0.0,1.19,81.5
2024-06-08 03:00:00,-4.35,0.0,1.35,83.82
2024-06-08 04:00:00,-4.26,0.0,1.44,84.31
2024-06-08 05:00:00,-2.99,77.7,1.75,78.12
