timestamp,Q_surf_airlock_west_W,Q_surf_airlock_south/op_airlock_entry_door_W,Q_surf_airlock_south_W,Q_surf_airlock_north_W,Q_surf_airlock_floor_W,Q_surf_airlock_roof_W,Q_surf_living_east_W,Q_surf_living_south/op_living_south_window_W,Q_surf_living_south_W,Q_surf_living_north_W,Q_surf_living_floor_W,Q_surf_living_roof_W,Q_surf_partition_airlock_living_W
2026-01-24T12:00:00+05:30,4349.256,351.246,575.845,1304.777,50.078,61.238,4349.409,184.916,4247.263,5219.293,205.414,244.981,-4.323
2026-01-24T13:00:00+05:30,3659.356,255.587,476.284,1097.81,47.829,53.883,3660.438,165.316,3565.225,4392.538,210.275,215.856,-16.068
2026-01-24T14:00:00+05:30,3440.917,210.149,440.588,1032.289,47.369,66.552,3444.253,159.903,3346.573,4133.144,225.176,267.828,-27.462
2026-01-24T15:00:00+05:30,3436.574,185.667,432.984,1031.01,46.956,93.411,3443.781,159.296,3338.45,4132.636,239.687,379.174,-35.363
2026-01-24T16:00:00+05:30,3228.09,170.403,402.91,968.498,46.504,86.442,3239.839,158.935,3136.127,3887.982,252.596,355.258,-40.587
2026-01-24T17:00:00+05:30,3219.408,177.72,401.513,965.931,46.012,80.203,3235.893,168.232,3131.747,3883.333,263.406,333.794,-44.781
2026-01-24T18:00:00+05:30,3257.096,190.584,407.35,977.275,45.483,75.643,3278.156,180.11,3173.719,3934.141,272.008,318.658,-48.976
2026-01-24T19:00:00+05:30,3182.807,193.224,398.525,955.026,44.92,73.272,3208.453,187.439,3106.493,3850.598,279.055,312.821,-53.419
2026-01-24T20:00:00+05:30,3074.067,191.392,385.107,922.443,44.322,73.532,3104.54,192.408,3005.865,3726.012,285.481,318.317,-57.891
2026-01-24T21:00:00+05:30,2983.393,191.513,374.46,895.279,43.687,74.077,3018.701,197.625,2923.346,3623.118,291.331,324.893,-62.129
2026-01-24T22:00:00+05:30,2907.566,194.354,366.343,872.566,43.015,73.579,2947.373,203.585,2855.652,3537.633,296.351,326.537,-66.088
2026-01-24T23:00:00+05:30,2801.918,194.363,354.386,840.905,42.304,73.291,2846.138,207.94,2758.942,3416.261,300.549,329.206,-69.819
2026-01-25T00:00:00+05:30,2648.22,191.193,336.346,794.826,41.554,71.946,2696.569,210.357,2615.393,3236.887,304.168,327.256,-73.302
2026-01-25T01:00:00+05:30,2440.88,184.056,311.405,732.652,40.767,69.916,2493.151,210.312,2419.562,2992.889,307.425,322.427,-76.484
2026-01-25T02:00:00+05:30,2213.765,174.365,283.795,664.546,39.942,68.775,2270.197,208.467,2204.736,2725.451,310.401,321.977,-79.278
2026-01-25T03:00:00+05:30,2028.97,167.241,261.74,609.137,39.084,68.771,2089.833,207.362,2031.608,2509.126,313.129,326.694,-81.645
2026-01-25T04:00:00+05:30,1865.12,160.814,242.345,560.011,38.195,69.264,1930.695,206.291,1879.237,2318.273,315.626,333.958,-83.66
2026-01-25T05:00:00+05:30,1644.294,149.887,215.436,493.79,37.281,68.018,1714.474,202.574,1671.263,2058.913,317.907,333.825,-85.374
2026-01-25T06:00:00+05:30,1366.786,135.241,181.185,410.559,36.346,64.713,1441.136,196.306,1407.775,1730.997,319.994,324.411,-86.752
2026-01-25T07:00:00+05:30,1111.009,122.302,149.867,333.845,35.397,61.776,1189.487,190.395,1165.652,1429.099,322.084,316.659,-87.8
2026-01-25T08:00:00+05:30,823.367,106.258,114.293,247.571,34.44,58.757,906.321,182.748,892.843,1089.378,324.609,309.508,-88.606
2026-01-25T09:00:00+05:30,108.772,57.521,22.358,33.196,33.482,46.134,194.556,157.992,201.698,235.288,328.077,259.64,-88.975
2026-01-25T10:00:00+05:30,-589.203,11.575,-66.895,-176.194,32.532,35.097,-500.359,132.829,-472.195,-598.602,333.128,217.524,-88.521
2026-01-25T11:00:00+05:30,-1306.141,-35.601,-158.375,-391.274,31.604,24.13,-1213.382,105.491,-1163.133,-1454.233,339.929,177.548,-87.262
2026-01-25T12:00:00+05:30,-1532.318,-52.12,-186.774,-459.168,30.715,15.142,-1441.654,92.688,-1382.481,-1728.305,347.969,132.569,-85.484
2026-01-25T13:00:00+05:30,-1351.401,-39.463,-162.403,-404.94,29.882,12.381,-1263.482,95.126,-1206.229,-1514.668,356.529,115.839,-83.937
2026-01-25T14:00:00+05:30,-1133.972,-22.563,-133.1,-339.741,29.122,12.105,-1045.197,101.465,-990.776,-1252.833,364.951,116.632,-83.42
2026-01-25T15:00:00+05:30,-935.482,-6.765,-106.201,-280.212,28.445,12.861,-843.055,108.664,-791.01,-1010.327,372.812,125.704,-84.168
2026-01-25T16:00:00+05:30,-773.728,7.847,-83.365,-231.682,27.85,15.666,-672.178,115.993,-620.552,-805.262,379.417,152.973,-85.884
2026-01-25T17:00:00+05:30,-481.999,34.17,-41.659,-144.117,27.335,27.903,-359.685,130.176,-308.64,-430.111,384.219,251.737,-88.242
2026-01-25T18:00:00+05:30,-68.07,61.024,13.177,-19.934,26.889,34.623,65.218,145.747,108.387,79.81,387.289,290.128,-91.06
2026-01-25T19:00:00+05:30,188.933,74.04,46.17,57.159,26.501,37.239,329.812,155.495,366.969,397.333,389.379,304.432,-94.035
2026-01-25T20:00:00+05:30,388.623,83.334,71.439,117.059,26.157,40.262,536.795,163.621,568.894,645.731,391.293,323.01,-96.925
2026-01-25T21:00:00+05:30,600.024,94.269,98.043,180.471,25.844,42.992,753.84,172.371,780.014,906.196,393.005,335.81,-99.623
2026-01-25T22:00:00+05:30,821.135,106.79,125.714,246.793,25.553,44.796,978.077,181.817,997.414,1175.277,394.222,339.053,-102.151
2026-01-25T23:00:00+05:30,1020.085,119.187,150.379,306.461,25.275,44.943,1176.821,191.215,1189.203,1413.745,394.924,329.816,-104.606
2026-01-26T00:00:00+05:30,1235.612,134.611,177.39,371.101,25.004,45.405,1389.947,202.317,1394.761,1669.463,395.325,321.412,-107.128
2026-01-26T01:00:00+05:30,1437.331,149.259,202.789,431.605,24.73,47.377,1589.952,213.543,1587.757,1909.454,395.614,324.768,-109.834
2026-01-26T02:00:00+05:30,1584.468,158.926,221.123,475.744,24.446,50.553,1737.455,222.737,1729.908,2086.472,395.838,338.938,-112.662
2026-01-26T03:00:00+05:30,1731.546,171.561,239.788,519.861,24.146,51.885,1882.25,233.136,1869.308,2260.224,395.998,339.043,-115.524
2026-01-26T04:00:00+05:30,1757.604,175.604,242.709,527.675,23.822,51.847,1905.475,239.287,1890.188,2288.094,396.077,334.318,-118.402
2026-01-26T05:00:00+05:30,1639.771,168.179,226.879,492.327,23.47,51.173,1785.972,239.362,1772.233,2144.71,396.065,330.474,-121.043
2026-01-26T06:00:00+05:30,1466.771,155.624,204.057,440.439,23.084,51.895,1614.327,236.129,1604.225,1938.792,395.954,338.415,-123.09
2026-01-26T07:00:00+05:30,1289.517,143.611,181.036,387.28,22.664,52.634,1439.526,232.312,1433.8,1729.101,395.925,347.271,-124.418
2026-01-26T08:00:00+05:30,986.957,122.256,141.73,296.532,22.211,51.445,1140.263,223.14,1142.418,1370.061,396.324,349.131,-125.102
2026-01-26T09:00:00+05:30,167.417,62.175,34.438,50.683,21.73,40.131,321.547,193.03,344.173,387.642,397.541,303.176,-124.866
2026-01-26T10:00:00+05:30,-635.318,5.692,-70.043,-190.137,21.231,27.51,-483.6,161.6,-440.078,-578.553,399.922,245.402,-123.234
2026-01-26T11:00:00+05:30,-1339.0,-39.84,-160.183,-401.225,20.729,19.289,-1183.084,133.464,-1118.827,-1417.899,403.34,222.207,-120.364
